year,month,day,hour,minute,filename
2021,01,01,00,00,3IMERG.20210101-S000000-E002959.0000.V06B.nc
2021,01,01,00,30,3IMERG.20210101-S003000-E005959.0030.V06B.nc
2021,01,01,01,00,3IMERG.20210101-S010000-E012959.0060.V06B.nc
2021,01,01,01,30,3IMERG.20210101-S013000-E015959.0090.V06B.nc
2021,01,01,02,00,3IMERG.20210101-S020000-E022959.0120.V06B.nc
2021,01,01,02,30,3IMERG.20210101-S023000-E025959.0150.V06B.nc
2021,01,01,03,00,3IMERG.20210101-S030000-E032959.0180.V06B.nc
2021,01,01,03,30,3IMERG.20210101-S033000-E035959.0210.V06B.nc
2021,01,01,04,00,3IMERG.20210101-S040000-E042959.0240.V06B.nc
2021,01,01,04,30,3IMERG.20210101-S043000-E045959.0270.V06B.nc
2021,01,01,05,00,3IMERG.20210101-S050000-E052959.0300.V06B.nc
2021,01,01,05,30,3IMERG.20210101-S053000-E055959.0330.V06B.nc
2021,01,01,06,00,3IMERG.20210101-S060000-E062959.0360.V06B.nc
2021,01,01,06,30,3IMERG.20210101-S063000-E065959.0390.V06B.nc
2021,01,01,07,00,3IMERG.20210101-S070000-E072959.0420.V06B.nc
2021,01,01,07,30,3IMERG.20210101-S073000-E075959.0450.V06B.nc
2021,01,01,08,00,3IMERG.20210101-S080000-E082959.0480.V06B.nc
2021,01,01,08,30,3IMERG.20210101-S083000-E085959.0510.V06B.nc
2021,01,01,09,00,3IMERG.20210101-S090000-E092959.0540.V06B.nc
2021,01,01,09,30,3IMERG.20210101-S093000-E095959.0570.V06B.nc
2021,01,01,10,00,3IMERG.20210101-S100000-E102959.0600.V06B.nc
2021,01,01,10,30,3IMERG.20210101-S103000-E105959.0630.V06B.nc
2021,01,01,11,00,3IMERG.20210101-S110000-E112959.0660.V06B.nc
2021,01,01,11,30,3IMERG.20210101-S113000-E115959.0690.V06B.nc
2021,01,01,12,00,3IMERG.20210101-S120000-E122959.0720.V06B.nc
2021,01,01,12,30,3IMERG.20210101-S123000-E125959.0750.V06B.nc
2021,01,01,13,00,3IMERG.20210101-S130000-E132959.0780.V06B.nc
2021,01,01,13,30,3IMERG.20210101-S133000-E135959.0810.V06B.nc
2021,01,01,14,00,3IMERG.20210101-S140000-E142959.0840.V06B.nc
2021,01,01,14,30,3IMERG.20210101-S143000-E145959.0870.V06B.nc
2021,01,01,15,00,3IMERG.20210101-S150000-E152959.0900.V06B.nc
2021,01,01,15,30,3IMERG.20210101-S153000-E155959.0930.V06B.nc
2021,01,01,16,00,3IMERG.20210101-S160000-E162959.0960.V06B.nc
2021,01,01,16,30,3IMERG.20210101-S163000-E165959.0990.V06B.nc
2021,01,01,17,00,3IMERG.20210101-S170000-E172959.1020.V06B.nc
2021,01,01,17,30,3IMERG.20210101-S173000-E175959.1050.V06B.nc
2021,01,01,18,00,3IMERG.20210101-S180000-E182959.1080.V06B.nc
2021,01,01,18,30,3IMERG.20210101-S183000-E185959.1110.V06B.nc
2021,01,01,19,00,3IMERG.20210101-S190000-E192959.1140.V06B.nc
2021,01,01,19,30,3IMERG.20210101-S193000-E195959.1170.V06B.nc
2021,01,01,20,00,3IMERG.20210101-S200000-E202959.1200.V06B.nc
2021,01,01,20,30,3IMERG.20210101-S203000-E205959.1230.V06B.nc
2021,01,01,21,00,3IMERG.20210101-S210000-E212959.1260.V06B.nc
2021,01,01,21,30,3IMERG.20210101-S213000-E215959.1290.V06B.nc
2021,01,01,22,00,3IMERG.20210101-S220000-E222959.1320.V06B.nc
2021,01,01,22,30,3IMERG.20210101-S223000-E225959.1350.V06B.nc
2021,01,01,23,00,3IMERG.20210101-S230000-E232959.1380.V06B.nc
2021,01,01,23,30,3IMERG.20210101-S233000-E235959.1410.V06B.nc
2021,01,02,00,00,3IMERG.20210102-S000000-E002959.0000.V06B.nc
2021,01,02,00,30,3IMERG.20210102-S003000-E005959.0030.V06B.nc
2021,01,02,01,00,3IMERG.20210102-S010000-E012959.0060.V06B.nc
2021,01,02,01,30,3IMERG.20210102-S013000-E015959.0090.V06B.nc
2021,01,02,02,00,3IMERG.20210102-S020000-E022959.0120.V06B.nc
2021,01,02,02,30,3IMERG.20210102-S023000-E025959.0150.V06B.nc
2021,01,02,03,00,3IMERG.20210102-S030000-E032959.0180.V06B.nc
2021,01,02,03,30,3IMERG.20210102-S033000-E035959.0210.V06B.nc
2021,01,02,04,00,3IMERG.20210102-S040000-E042959.0240.V06B.nc
2021,01,02,04,30,3IMERG.20210102-S043000-E045959.0270.V06B.nc
2021,01,02,05,00,3IMERG.20210102-S050000-E052959.0300.V06B.nc
2021,01,02,05,30,3IMERG.20210102-S053000-E055959.0330.V06B.nc
2021,01,02,06,00,3IMERG.20210102-S060000-E062959.0360.V06B.nc
2021,01,02,06,30,3IMERG.20210102-S063000-E065959.0390.V06B.nc
2021,01,02,07,00,3IMERG.20210102-S070000-E072959.0420.V06B.nc
2021,01,02,07,30,3IMERG.20210102-S073000-E075959.0450.V06B.nc
2021,01,02,08,00,3IMERG.20210102-S080000-E082959.0480.V06B.nc
2021,01,02,08,30,3IMERG.20210102-S083000-E085959.0510.V06B.nc
2021,01,02,09,00,3IMERG.20210102-S090000-E092959.0540.V06B.nc
2021,01,02,09,30,3IMERG.20210102-S093000-E095959.0570.V06B.nc
2021,01,02,10,00,3IMERG.20210102-S100000-E102959.0600.V06B.nc
2021,01,02,10,30,3IMERG.20210102-S103000-E105959.0630.V06B.nc
2021,01,02,11,00,3IMERG.20210102-S110000-E112959.0660.V06B.nc
2021,01,02,11,30,3IMERG.20210102-S113000-E115959.0690.V06B.nc
2021,01,02,12,00,3IMERG.20210102-S120000-E122959.0720.V06B.nc
2021,01,02,12,30,3IMERG.20210102-S123000-E125959.0750.V06B.nc
2021,01,02,13,00,3IMERG.20210102-S130000-E132959.0780.V06B.nc
2021,01,02,13,30,3IMERG.20210102-S133000-E135959.0810.V06B.nc
2021,01,02,14,00,3IMERG.20210102-S140000-E142959.0840.V06B.nc
2021,01,02,14,30,3IMERG.20210102-S143000-E145959.0870.V06B.nc
2021,01,02,15,00,3IMERG.20210102-S150000-E152959.0900.V06B.nc
2021,01,02,15,30,3IMERG.20210102-S153000-E155959.0930.V06B.nc
2021,01,02,16,00,3IMERG.20210102-S160000-E162959.0960.V06B.nc
2021,01,02,16,30,3IMERG.20210102-S163000-E165959.0990.V06B.nc
2021,01,02,17,00,3IMERG.20210102-S170000-E172959.1020.V06B.nc
2021,01,02,17,30,3IMERG.20210102-S173000-E175959.1050.V06B.nc
2021,01,02,18,00,3IMERG.20210102-S180000-E182959.1080.V06B.nc
2021,01,02,18,30,3IMERG.20210102-S183000-E185959.1110.V06B.nc
2021,01,02,19,00,3IMERG.20210102-S190000-E192959.1140.V06B.nc
2021,01,02,19,30,3IMERG.20210102-S193000-E195959.1170.V06B.nc
2021,01,02,20,00,3IMERG.20210102-S200000-E202959.1200.V06B.nc
2021,01,02,20,30,3IMERG.20210102-S203000-E205959.1230.V06B.nc
2021,01,02,21,00,3IMERG.20210102-S210000-E212959.1260.V06B.nc
2021,01,02,21,30,3IMERG.20210102-S213000-E215959.1290.V06B.nc
2021,01,02,22,00,3IMERG.20210102-S220000-E222959.1320.V06B.nc
2021,01,02,22,30,3IMERG.20210102-S223000-E225959.1350.V06B.nc
2021,01,02,23,00,3IMERG.20210102-S230000-E232959.1380.V06B.nc
2021,01,02,23,30,3IMERG.20210102-S233000-E235959.1410.V06B.nc
2021,01,03,00,00,3IMERG.20210103-S000000-E002959.0000.V06B.nc
2021,01,03,00,30,3IMERG.20210103-S003000-E005959.0030.V06B.nc
2021,01,03,01,00,3IMERG.20210103-S010000-E012959.0060.V06B.nc
2021,01,03,01,30,3IMERG.20210103-S013000-E015959.0090.V06B.nc
2021,01,03,02,00,3IMERG.20210103-S020000-E022959.0120.V06B.nc
2021,01,03,02,30,3IMERG.20210103-S023000-E025959.0150.V06B.nc
2021,01,03,03,00,3IMERG.20210103-S030000-E032959.0180.V06B.nc
2021,01,03,03,30,3IMERG.20210103-S033000-E035959.0210.V06B.nc
2021,01,03,04,00,3IMERG.20210103-S040000-E042959.0240.V06B.nc
2021,01,03,04,30,3IMERG.20210103-S043000-E045959.0270.V06B.nc
2021,01,03,05,00,3IMERG.20210103-S050000-E052959.0300.V06B.nc
2021,01,03,05,30,3IMERG.20210103-S053000-E055959.0330.V06B.nc
2021,01,03,06,00,3IMERG.20210103-S060000-E062959.0360.V06B.nc
2021,01,03,06,30,3IMERG.20210103-S063000-E065959.0390.V06B.nc
2021,01,03,07,00,3IMERG.20210103-S070000-E072959.0420.V06B.nc
2021,01,03,07,30,3IMERG.20210103-S073000-E075959.0450.V06B.nc
2021,01,03,08,00,3IMERG.20210103-S080000-E082959.0480.V06B.nc
2021,01,03,08,30,3IMERG.20210103-S083000-E085959.0510.V06B.nc
2021,01,03,09,00,3IMERG.20210103-S090000-E092959.0540.V06B.nc
2021,01,03,09,30,3IMERG.20210103-S093000-E095959.0570.V06B.nc
2021,01,03,10,00,3IMERG.20210103-S100000-E102959.0600.V06B.nc
2021,01,03,10,30,3IMERG.20210103-S103000-E105959.0630.V06B.nc
2021,01,03,11,00,3IMERG.20210103-S110000-E112959.0660.V06B.nc
2021,01,03,11,30,3IMERG.20210103-S113000-E115959.0690.V06B.nc
2021,01,03,12,00,3IMERG.20210103-S120000-E122959.0720.V06B.nc
2021,01,03,12,30,3IMERG.20210103-S123000-E125959.0750.V06B.nc
2021,01,03,13,00,3IMERG.20210103-S130000-E132959.0780.V06B.nc
2021,01,03,13,30,3IMERG.20210103-S133000-E135959.0810.V06B.nc
2021,01,03,14,00,3IMERG.20210103-S140000-E142959.0840.V06B.nc
2021,01,03,14,30,3IMERG.20210103-S143000-E145959.0870.V06B.nc
2021,01,03,15,00,3IMERG.20210103-S150000-E152959.0900.V06B.nc
2021,01,03,15,30,3IMERG.20210103-S153000-E155959.0930.V06B.nc
2021,01,03,16,00,3IMERG.20210103-S160000-E162959.0960.V06B.nc
2021,01,03,16,30,3IMERG.20210103-S163000-E165959.0990.V06B.nc
2021,01,03,17,00,3IMERG.20210103-S170000-E172959.1020.V06B.nc
2021,01,03,17,30,3IMERG.20210103-S173000-E175959.1050.V06B.nc
2021,01,03,18,00,3IMERG.20210103-S180000-E182959.1080.V06B.nc
2021,01,03,18,30,3IMERG.20210103-S183000-E185959.1110.V06B.nc
2021,01,03,19,00,3IMERG.20210103-S190000-E192959.1140.V06B.nc
2021,01,03,19,30,3IMERG.20210103-S193000-E195959.1170.V06B.nc
2021,01,03,20,00,3IMERG.20210103-S200000-E202959.1200.V06B.nc
2021,01,03,20,30,3IMERG.20210103-S203000-E205959.1230.V06B.nc
2021,01,03,21,00,3IMERG.20210103-S210000-E212959.1260.V06B.nc
2021,01,03,21,30,3IMERG.20210103-S213000-E215959.1290.V06B.nc
2021,01,03,22,00,3IMERG.20210103-S220000-E222959.1320.V06B.nc
2021,01,03,22,30,3IMERG.20210103-S223000-E225959.1350.V06B.nc
2021,01,03,23,00,3IMERG.20210103-S230000-E232959.1380.V06B.nc
2021,01,03,23,30,3IMERG.20210103-S233000-E235959.1410.V06B.nc
2021,01,04,00,00,3IMERG.20210104-S000000-E002959.0000.V06B.nc
2021,01,04,00,30,3IMERG.20210104-S003000-E005959.0030.V06B.nc
2021,01,04,01,00,3IMERG.20210104-S010000-E012959.0060.V06B.nc
2021,01,04,01,30,3IMERG.20210104-S013000-E015959.0090.V06B.nc
2021,01,04,02,00,3IMERG.20210104-S020000-E022959.0120.V06B.nc
2021,01,04,02,30,3IMERG.20210104-S023000-E025959.0150.V06B.nc
2021,01,04,03,00,3IMERG.20210104-S030000-E032959.0180.V06B.nc
2021,01,04,03,30,3IMERG.20210104-S033000-E035959.0210.V06B.nc
2021,01,04,04,00,3IMERG.20210104-S040000-E042959.0240.V06B.nc
2021,01,04,04,30,3IMERG.20210104-S043000-E045959.0270.V06B.nc
2021,01,04,05,00,3IMERG.20210104-S050000-E052959.0300.V06B.nc
2021,01,04,05,30,3IMERG.20210104-S053000-E055959.0330.V06B.nc
2021,01,04,06,00,3IMERG.20210104-S060000-E062959.0360.V06B.nc
2021,01,04,06,30,3IMERG.20210104-S063000-E065959.0390.V06B.nc
2021,01,04,07,00,3IMERG.20210104-S070000-E072959.0420.V06B.nc
2021,01,04,07,30,3IMERG.20210104-S073000-E075959.0450.V06B.nc
2021,01,04,08,00,3IMERG.20210104-S080000-E082959.0480.V06B.nc
2021,01,04,08,30,3IMERG.20210104-S083000-E085959.0510.V06B.nc
2021,01,04,09,00,3IMERG.20210104-S090000-E092959.0540.V06B.nc
2021,01,04,09,30,3IMERG.20210104-S093000-E095959.0570.V06B.nc
2021,01,04,10,00,3IMERG.20210104-S100000-E102959.0600.V06B.nc
2021,01,04,10,30,3IMERG.20210104-S103000-E105959.0630.V06B.nc
2021,01,04,11,00,3IMERG.20210104-S110000-E112959.0660.V06B.nc
2021,01,04,11,30,3IMERG.20210104-S113000-E115959.0690.V06B.nc
2021,01,04,12,00,3IMERG.20210104-S120000-E122959.0720.V06B.nc
2021,01,04,12,30,3IMERG.20210104-S123000-E125959.0750.V06B.nc
2021,01,04,13,00,3IMERG.20210104-S130000-E132959.0780.V06B.nc
2021,01,04,13,30,3IMERG.20210104-S133000-E135959.0810.V06B.nc
2021,01,04,14,00,3IMERG.20210104-S140000-E142959.0840.V06B.nc
2021,01,04,14,30,3IMERG.20210104-S143000-E145959.0870.V06B.nc
2021,01,04,15,00,3IMERG.20210104-S150000-E152959.0900.V06B.nc
2021,01,04,15,30,3IMERG.20210104-S153000-E155959.0930.V06B.nc
2021,01,04,16,00,3IMERG.20210104-S160000-E162959.0960.V06B.nc
2021,01,04,16,30,3IMERG.20210104-S163000-E165959.0990.V06B.nc
2021,01,04,17,00,3IMERG.20210104-S170000-E172959.1020.V06B.nc
2021,01,04,17,30,3IMERG.20210104-S173000-E175959.1050.V06B.nc
2021,01,04,18,00,3IMERG.20210104-S180000-E182959.1080.V06B.nc
2021,01,04,18,30,3IMERG.20210104-S183000-E185959.1110.V06B.nc
2021,01,04,19,00,3IMERG.20210104-S190000-E192959.1140.V06B.nc
2021,01,04,19,30,3IMERG.20210104-S193000-E195959.1170.V06B.nc
2021,01,04,20,00,3IMERG.20210104-S200000-E202959.1200.V06B.nc
2021,01,04,20,30,3IMERG.20210104-S203000-E205959.1230.V06B.nc
2021,01,04,21,00,3IMERG.20210104-S210000-E212959.1260.V06B.nc
2021,01,04,21,30,3IMERG.20210104-S213000-E215959.1290.V06B.nc
2021,01,04,22,00,3IMERG.20210104-S220000-E222959.1320.V06B.nc
2021,01,04,22,30,3IMERG.20210104-S223000-E225959.1350.V06B.nc
2021,01,04,23,00,3IMERG.20210104-S230000-E232959.1380.V06B.nc
2021,01,04,23,30,3IMERG.20210104-S233000-E235959.1410.V06B.nc
2021,01,05,00,00,3IMERG.20210105-S000000-E002959.0000.V06B.nc
2021,01,05,00,30,3IMERG.20210105-S003000-E005959.0030.V06B.nc
2021,01,05,01,00,3IMERG.20210105-S010000-E012959.0060.V06B.nc
2021,01,05,01,30,3IMERG.20210105-S013000-E015959.0090.V06B.nc
2021,01,05,02,00,3IMERG.20210105-S020000-E022959.0120.V06B.nc
2021,01,05,02,30,3IMERG.20210105-S023000-E025959.0150.V06B.nc
2021,01,05,03,00,3IMERG.20210105-S030000-E032959.0180.V06B.nc
2021,01,05,03,30,3IMERG.20210105-S033000-E035959.0210.V06B.nc
2021,01,05,04,00,3IMERG.20210105-S040000-E042959.0240.V06B.nc
2021,01,05,04,30,3IMERG.20210105-S043000-E045959.0270.V06B.nc
2021,01,05,05,00,3IMERG.20210105-S050000-E052959.0300.V06B.nc
2021,01,05,05,30,3IMERG.20210105-S053000-E055959.0330.V06B.nc
2021,01,05,06,00,3IMERG.20210105-S060000-E062959.0360.V06B.nc
2021,01,05,06,30,3IMERG.20210105-S063000-E065959.0390.V06B.nc
2021,01,05,07,00,3IMERG.20210105-S070000-E072959.0420.V06B.nc
2021,01,05,07,30,3IMERG.20210105-S073000-E075959.0450.V06B.nc
2021,01,05,08,00,3IMERG.20210105-S080000-E082959.0480.V06B.nc
2021,01,05,08,30,3IMERG.20210105-S083000-E085959.0510.V06B.nc
2021,01,05,09,00,3IMERG.20210105-S090000-E092959.0540.V06B.nc
2021,01,05,09,30,3IMERG.20210105-S093000-E095959.0570.V06B.nc
2021,01,05,10,00,3IMERG.20210105-S100000-E102959.0600.V06B.nc
2021,01,05,10,30,3IMERG.20210105-S103000-E105959.0630.V06B.nc
2021,01,05,11,00,3IMERG.20210105-S110000-E112959.0660.V06B.nc
2021,01,05,11,30,3IMERG.20210105-S113000-E115959.0690.V06B.nc
2021,01,05,12,00,3IMERG.20210105-S120000-E122959.0720.V06B.nc
2021,01,05,12,30,3IMERG.20210105-S123000-E125959.0750.V06B.nc
2021,01,05,13,00,3IMERG.20210105-S130000-E132959.0780.V06B.nc
2021,01,05,13,30,3IMERG.20210105-S133000-E135959.0810.V06B.nc
2021,01,05,14,00,3IMERG.20210105-S140000-E142959.0840.V06B.nc
2021,01,05,14,30,3IMERG.20210105-S143000-E145959.0870.V06B.nc
2021,01,05,15,00,3IMERG.20210105-S150000-E152959.0900.V06B.nc
2021,01,05,15,30,3IMERG.20210105-S153000-E155959.0930.V06B.nc
2021,01,05,16,00,3IMERG.20210105-S160000-E162959.0960.V06B.nc
2021,01,05,16,30,3IMERG.20210105-S163000-E165959.0990.V06B.nc
2021,01,05,17,00,3IMERG.20210105-S170000-E172959.1020.V06B.nc
2021,01,05,17,30,3IMERG.20210105-S173000-E175959.1050.V06B.nc
2021,01,05,18,00,3IMERG.20210105-S180000-E182959.1080.V06B.nc
2021,01,05,18,30,3IMERG.20210105-S183000-E185959.1110.V06B.nc
2021,01,05,19,00,3IMERG.20210105-S190000-E192959.1140.V06B.nc
2021,01,05,19,30,3IMERG.20210105-S193000-E195959.1170.V06B.nc
2021,01,05,20,00,3IMERG.20210105-S200000-E202959.1200.V06B.nc
2021,01,05,20,30,3IMERG.20210105-S203000-E205959.1230.V06B.nc
2021,01,05,21,00,3IMERG.20210105-S210000-E212959.1260.V06B.nc
2021,01,05,21,30,3IMERG.20210105-S213000-E215959.1290.V06B.nc
2021,01,05,22,00,3IMERG.20210105-S220000-E222959.1320.V06B.nc
2021,01,05,22,30,3IMERG.20210105-S223000-E225959.1350.V06B.nc
2021,01,05,23,00,3IMERG.20210105-S230000-E232959.1380.V06B.nc
2021,01,05,23,30,3IMERG.20210105-S233000-E235959.1410.V06B.nc
2021,01,06,00,00,3IMERG.20210106-S000000-E002959.0000.V06B.nc
2021,01,06,00,30,3IMERG.20210106-S003000-E005959.0030.V06B.nc
2021,01,06,01,00,3IMERG.20210106-S010000-E012959.0060.V06B.nc
2021,01,06,01,30,3IMERG.20210106-S013000-E015959.0090.V06B.nc
2021,01,06,02,00,3IMERG.20210106-S020000-E022959.0120.V06B.nc
2021,01,06,02,30,3IMERG.20210106-S023000-E025959.0150.V06B.nc
2021,01,06,03,00,3IMERG.20210106-S030000-E032959.0180.V06B.nc
2021,01,06,03,30,3IMERG.20210106-S033000-E035959.0210.V06B.nc
2021,01,06,04,00,3IMERG.20210106-S040000-E042959.0240.V06B.nc
2021,01,06,04,30,3IMERG.20210106-S043000-E045959.0270.V06B.nc
2021,01,06,05,00,3IMERG.20210106-S050000-E052959.0300.V06B.nc
2021,01,06,05,30,3IMERG.20210106-S053000-E055959.0330.V06B.nc
2021,01,06,06,00,3IMERG.20210106-S060000-E062959.0360.V06B.nc
2021,01,06,06,30,3IMERG.20210106-S063000-E065959.0390.V06B.nc
2021,01,06,07,00,3IMERG.20210106-S070000-E072959.0420.V06B.nc
2021,01,06,07,30,3IMERG.20210106-S073000-E075959.0450.V06B.nc
2021,01,06,08,00,3IMERG.20210106-S080000-E082959.0480.V06B.nc
2021,01,06,08,30,3IMERG.20210106-S083000-E085959.0510.V06B.nc
2021,01,06,09,00,3IMERG.20210106-S090000-E092959.0540.V06B.nc
2021,01,06,09,30,3IMERG.20210106-S093000-E095959.0570.V06B.nc
2021,01,06,10,00,3IMERG.20210106-S100000-E102959.0600.V06B.nc
2021,01,06,10,30,3IMERG.20210106-S103000-E105959.0630.V06B.nc
2021,01,06,11,00,3IMERG.20210106-S110000-E112959.0660.V06B.nc
2021,01,06,11,30,3IMERG.20210106-S113000-E115959.0690.V06B.nc
2021,01,06,12,00,3IMERG.20210106-S120000-E122959.0720.V06B.nc
2021,01,06,12,30,3IMERG.20210106-S123000-E125959.0750.V06B.nc
2021,01,06,13,00,3IMERG.20210106-S130000-E132959.0780.V06B.nc
2021,01,06,13,30,3IMERG.20210106-S133000-E135959.0810.V06B.nc
2021,01,06,14,00,3IMERG.20210106-S140000-E142959.0840.V06B.nc
2021,01,06,14,30,3IMERG.20210106-S143000-E145959.0870.V06B.nc
2021,01,06,15,00,3IMERG.20210106-S150000-E152959.0900.V06B.nc
2021,01,06,15,30,3IMERG.20210106-S153000-E155959.0930.V06B.nc
2021,01,06,16,00,3IMERG.20210106-S160000-E162959.0960.V06B.nc
2021,01,06,16,30,3IMERG.20210106-S163000-E165959.0990.V06B.nc
2021,01,06,17,00,3IMERG.20210106-S170000-E172959.1020.V06B.nc
2021,01,06,17,30,3IMERG.20210106-S173000-E175959.1050.V06B.nc
2021,01,06,18,00,3IMERG.20210106-S180000-E182959.1080.V06B.nc
2021,01,06,18,30,3IMERG.20210106-S183000-E185959.1110.V06B.nc
2021,01,06,19,00,3IMERG.20210106-S190000-E192959.1140.V06B.nc
2021,01,06,19,30,3IMERG.20210106-S193000-E195959.1170.V06B.nc
2021,01,06,20,00,3IMERG.20210106-S200000-E202959.1200.V06B.nc
2021,01,06,20,30,3IMERG.20210106-S203000-E205959.1230.V06B.nc
2021,01,06,21,00,3IMERG.20210106-S210000-E212959.1260.V06B.nc
2021,01,06,21,30,3IMERG.20210106-S213000-E215959.1290.V06B.nc
2021,01,06,22,00,3IMERG.20210106-S220000-E222959.1320.V06B.nc
2021,01,06,22,30,3IMERG.20210106-S223000-E225959.1350.V06B.nc
2021,01,06,23,00,3IMERG.20210106-S230000-E232959.1380.V06B.nc
2021,01,06,23,30,3IMERG.20210106-S233000-E235959.1410.V06B.nc
2021,01,07,00,00,3IMERG.20210107-S000000-E002959.0000.V06B.nc
2021,01,07,00,30,3IMERG.20210107-S003000-E005959.0030.V06B.nc
2021,01,07,01,00,3IMERG.20210107-S010000-E012959.0060.V06B.nc
2021,01,07,01,30,3IMERG.20210107-S013000-E015959.0090.V06B.nc
2021,01,07,02,00,3IMERG.20210107-S020000-E022959.0120.V06B.nc
2021,01,07,02,30,3IMERG.20210107-S023000-E025959.0150.V06B.nc
2021,01,07,03,00,3IMERG.20210107-S030000-E032959.0180.V06B.nc
2021,01,07,03,30,3IMERG.20210107-S033000-E035959.0210.V06B.nc
2021,01,07,04,00,3IMERG.20210107-S040000-E042959.0240.V06B.nc
2021,01,07,04,30,3IMERG.20210107-S043000-E045959.0270.V06B.nc
2021,01,07,05,00,3IMERG.20210107-S050000-E052959.0300.V06B.nc
2021,01,07,05,30,3IMERG.20210107-S053000-E055959.0330.V06B.nc
2021,01,07,06,00,3IMERG.20210107-S060000-E062959.0360.V06B.nc
2021,01,07,06,30,3IMERG.20210107-S063000-E065959.0390.V06B.nc
2021,01,07,07,00,3IMERG.20210107-S070000-E072959.0420.V06B.nc
2021,01,07,07,30,3IMERG.20210107-S073000-E075959.0450.V06B.nc
2021,01,07,08,00,3IMERG.20210107-S080000-E082959.0480.V06B.nc
2021,01,07,08,30,3IMERG.20210107-S083000-E085959.0510.V06B.nc
2021,01,07,09,00,3IMERG.20210107-S090000-E092959.0540.V06B.nc
2021,01,07,09,30,3IMERG.20210107-S093000-E095959.0570.V06B.nc
2021,01,07,10,00,3IMERG.20210107-S100000-E102959.0600.V06B.nc
2021,01,07,10,30,3IMERG.20210107-S103000-E105959.0630.V06B.nc
2021,01,07,11,00,3IMERG.20210107-S110000-E112959.0660.V06B.nc
2021,01,07,11,30,3IMERG.20210107-S113000-E115959.0690.V06B.nc
2021,01,07,12,00,3IMERG.20210107-S120000-E122959.0720.V06B.nc
2021,01,07,12,30,3IMERG.20210107-S123000-E125959.0750.V06B.nc
2021,01,07,13,00,3IMERG.20210107-S130000-E132959.0780.V06B.nc
2021,01,07,13,30,3IMERG.20210107-S133000-E135959.0810.V06B.nc
2021,01,07,14,00,3IMERG.20210107-S140000-E142959.0840.V06B.nc
2021,01,07,14,30,3IMERG.20210107-S143000-E145959.0870.V06B.nc
2021,01,07,15,00,3IMERG.20210107-S150000-E152959.0900.V06B.nc
2021,01,07,15,30,3IMERG.20210107-S153000-E155959.0930.V06B.nc
2021,01,07,16,00,3IMERG.20210107-S160000-E162959.0960.V06B.nc
2021,01,07,16,30,3IMERG.20210107-S163000-E165959.0990.V06B.nc
2021,01,07,17,00,3IMERG.20210107-S170000-E172959.1020.V06B.nc
2021,01,07,17,30,3IMERG.20210107-S173000-E175959.1050.V06B.nc
2021,01,07,18,00,3IMERG.20210107-S180000-E182959.1080.V06B.nc
2021,01,07,18,30,3IMERG.20210107-S183000-E185959.1110.V06B.nc
2021,01,07,19,00,3IMERG.20210107-S190000-E192959.1140.V06B.nc
2021,01,07,19,30,3IMERG.20210107-S193000-E195959.1170.V06B.nc
2021,01,07,20,00,3IMERG.20210107-S200000-E202959.1200.V06B.nc
2021,01,07,20,30,3IMERG.20210107-S203000-E205959.1230.V06B.nc
2021,01,07,21,00,3IMERG.20210107-S210000-E212959.1260.V06B.nc
2021,01,07,21,30,3IMERG.20210107-S213000-E215959.1290.V06B.nc
2021,01,07,22,00,3IMERG.20210107-S220000-E222959.1320.V06B.nc
2021,01,07,22,30,3IMERG.20210107-S223000-E225959.1350.V06B.nc
2021,01,07,23,00,3IMERG.20210107-S230000-E232959.1380.V06B.nc
2021,01,07,23,30,3IMERG.20210107-S233000-E235959.1410.V06B.nc
2021,01,08,00,00,3IMERG.20210108-S000000-E002959.0000.V06B.nc
2021,01,08,00,30,3IMERG.20210108-S003000-E005959.0030.V06B.nc
2021,01,08,01,00,3IMERG.20210108-S010000-E012959.0060.V06B.nc
2021,01,08,01,30,3IMERG.20210108-S013000-E015959.0090.V06B.nc
2021,01,08,02,00,3IMERG.20210108-S020000-E022959.0120.V06B.nc
2021,01,08,02,30,3IMERG.20210108-S023000-E025959.0150.V06B.nc
2021,01,08,03,00,3IMERG.20210108-S030000-E032959.0180.V06B.nc
2021,01,08,03,30,3IMERG.20210108-S033000-E035959.0210.V06B.nc
2021,01,08,04,00,3IMERG.20210108-S040000-E042959.0240.V06B.nc
2021,01,08,04,30,3IMERG.20210108-S043000-E045959.0270.V06B.nc
2021,01,08,05,00,3IMERG.20210108-S050000-E052959.0300.V06B.nc
2021,01,08,05,30,3IMERG.20210108-S053000-E055959.0330.V06B.nc
2021,01,08,06,00,3IMERG.20210108-S060000-E062959.0360.V06B.nc
2021,01,08,06,30,3IMERG.20210108-S063000-E065959.0390.V06B.nc
2021,01,08,07,00,3IMERG.20210108-S070000-E072959.0420.V06B.nc
2021,01,08,07,30,3IMERG.20210108-S073000-E075959.0450.V06B.nc
2021,01,08,08,00,3IMERG.20210108-S080000-E082959.0480.V06B.nc
2021,01,08,08,30,3IMERG.20210108-S083000-E085959.0510.V06B.nc
2021,01,08,09,00,3IMERG.20210108-S090000-E092959.0540.V06B.nc
2021,01,08,09,30,3IMERG.20210108-S093000-E095959.0570.V06B.nc
2021,01,08,10,00,3IMERG.20210108-S100000-E102959.0600.V06B.nc
2021,01,08,10,30,3IMERG.20210108-S103000-E105959.0630.V06B.nc
2021,01,08,11,00,3IMERG.20210108-S110000-E112959.0660.V06B.nc
2021,01,08,11,30,3IMERG.20210108-S113000-E115959.0690.V06B.nc
2021,01,08,12,00,3IMERG.20210108-S120000-E122959.0720.V06B.nc
2021,01,08,12,30,3IMERG.20210108-S123000-E125959.0750.V06B.nc
2021,01,08,13,00,3IMERG.20210108-S130000-E132959.0780.V06B.nc
2021,01,08,13,30,3IMERG.20210108-S133000-E135959.0810.V06B.nc
2021,01,08,14,00,3IMERG.20210108-S140000-E142959.0840.V06B.nc
2021,01,08,14,30,3IMERG.20210108-S143000-E145959.0870.V06B.nc
2021,01,08,15,00,3IMERG.20210108-S150000-E152959.0900.V06B.nc
2021,01,08,15,30,3IMERG.20210108-S153000-E155959.0930.V06B.nc
2021,01,08,16,00,3IMERG.20210108-S160000-E162959.0960.V06B.nc
2021,01,08,16,30,3IMERG.20210108-S163000-E165959.0990.V06B.nc
2021,01,08,17,00,3IMERG.20210108-S170000-E172959.1020.V06B.nc
2021,01,08,17,30,3IMERG.20210108-S173000-E175959.1050.V06B.nc
2021,01,08,18,00,3IMERG.20210108-S180000-E182959.1080.V06B.nc
2021,01,08,18,30,3IMERG.20210108-S183000-E185959.1110.V06B.nc
2021,01,08,19,00,3IMERG.20210108-S190000-E192959.1140.V06B.nc
2021,01,08,19,30,3IMERG.20210108-S193000-E195959.1170.V06B.nc
2021,01,08,20,00,3IMERG.20210108-S200000-E202959.1200.V06B.nc
2021,01,08,20,30,3IMERG.20210108-S203000-E205959.1230.V06B.nc
2021,01,08,21,00,3IMERG.20210108-S210000-E212959.1260.V06B.nc
2021,01,08,21,30,3IMERG.20210108-S213000-E215959.1290.V06B.nc
2021,01,08,22,00,3IMERG.20210108-S220000-E222959.1320.V06B.nc
2021,01,08,22,30,3IMERG.20210108-S223000-E225959.1350.V06B.nc
2021,01,08,23,00,3IMERG.20210108-S230000-E232959.1380.V06B.nc
2021,01,08,23,30,3IMERG.20210108-S233000-E235959.1410.V06B.nc
